date,"Пальмовое масло   RBD, FOB Малайзия , usd/тн "
2010-01-04,775.0
2010-01-05,775.0
2010-01-06,797.5
2010-01-07,787.5
2010-01-08,785.0
2010-01-11,795.0
2010-01-12,797.5
2010-01-13,790.0
2010-01-14,785.0
2010-01-15,785.0
2010-01-18,797.5
2010-01-19,790.0
2010-01-20,800.0
2010-01-21,810.0
2010-01-22,810.0
2010-01-25,825.0
2010-01-26,815.0
2010-01-27,830.0
2010-01-28,825.0
2010-01-29,817.5
2010-02-01,807.5
2010-02-02,800.0
2010-02-03,802.5
2010-02-04,790.0
2010-02-05,805.0
2010-02-08,802.5
2010-02-09,805.0
2010-02-10,800.0
2010-02-11,805.0
2010-02-12,797.5
2010-02-15,805.0
2010-02-16,810.0
2010-02-17,812.5
2010-02-18,805.0
2010-02-19,812.5
2010-02-22,812.5
2010-02-23,822.5
2010-02-24,820.0
2010-02-25,825.0
2010-02-26,827.5
2010-03-01,815.0
2010-03-02,820.0
2010-03-03,822.5
2010-03-04,820.0
2010-03-05,805.0
2010-03-08,805.0
2010-03-09,802.5
2010-03-10,805.0
2010-03-11,815.0
2010-03-12,825.0
2010-03-15,825.0
2010-03-16,822.5
2010-03-17,817.5
2010-03-18,820.0
2010-03-19,820.0
2010-03-22,812.5
2010-03-23,815.0
2010-03-24,807.5
2010-03-25,802.5
2010-03-26,820.0
2010-03-29,812.5
2010-03-30,812.5
2010-03-31,805.0
2010-04-01,785.0
2010-04-05,800.0
2010-04-06,790.0
2010-04-07,800.0
2010-04-08,792.5
2010-04-09,792.5
2010-04-12,782.5
2010-04-13,790.0
2010-04-14,795.0
2010-04-15,792.5
2010-04-16,792.5
2010-04-19,795.0
2010-04-20,800.0
2010-04-21,787.5
2010-04-22,787.5
2010-04-23,785.0
2010-04-26,780.0
2010-04-27,782.5
2010-04-28,792.5
2010-04-29,790.0
2010-04-30,785.0
2010-05-03,790.0
2010-05-04,792.5
2010-05-05,800.0
2010-05-06,795.0
2010-05-07,792.5
2010-05-10,792.5
2010-05-11,787.5
2010-05-12,797.5
2010-05-14,787.5
2010-05-17,787.5
2010-05-18,780.0
2010-05-19,782.5
2010-05-20,772.5
2010-05-21,770.0
2010-05-24,767.5
2010-05-26,775.0
2010-05-27,780.0
2010-05-28,790.0
2010-06-01,790.0
2010-06-02,792.5
2010-06-03,802.5
2010-06-04,815.0
2010-06-07,812.5
2010-06-08,810.0
2010-06-09,817.5
2010-06-10,830.0
2010-06-11,827.5
2010-06-14,827.5
2010-06-15,832.5
2010-06-16,842.5
2010-06-17,845.0
2010-06-18,850.0
2010-06-21,875.0
2010-06-22,870.0
2010-06-23,877.5
2010-06-24,895.0
2010-06-25,915.0
2010-06-28,925.0
2010-06-29,922.5
2010-06-30,935.0
2010-07-01,920.0
2010-07-02,942.5
2010-07-05,937.5
2010-07-06,932.5
2010-07-07,927.5
2010-07-08,932.5
2010-07-09,917.5
2010-07-12,927.5
2010-07-13,912.5
2010-07-14,902.5
2010-07-15,922.5
2010-07-16,922.5
2010-07-19,920.0
2010-07-20,920.0
2010-07-21,907.5
2010-07-22,907.5
2010-07-23,915.0
2010-07-26,927.5
2010-07-27,922.5
2010-07-28,930.0
2010-07-29,930.0
2010-07-30,930.0
2010-08-02,922.5
2010-08-03,917.5
2010-08-04,902.5
2010-08-05,902.5
2010-08-06,922.5
2010-08-09,922.5
2010-08-10,922.5
2010-08-11,915.0
2010-08-12,912.5
2010-08-13,917.5
2010-08-16,932.5
2010-08-17,932.5
2010-08-18,917.5
2010-08-19,927.5
2010-08-20,927.5
2010-08-23,912.5
2010-08-24,917.5
2010-08-25,930.0
2010-08-26,947.5
2010-08-27,942.5
2010-08-30,992.5
2010-08-31,985.0
2010-09-01,997.5
2010-09-02,997.5
2010-09-03,1000.0
2010-09-06,992.5
2010-09-07,1002.5
2010-09-08,1002.5
2010-09-09,1007.5
2010-09-10,1030.0
2010-09-13,1022.5
2010-09-14,1022.5
2010-09-15,1032.5
2010-09-16,1022.5
2010-09-17,1032.5
2010-09-20,1035.0
2010-09-21,1032.5
2010-09-22,1062.5
2010-09-23,1062.5
2010-09-24,1095.0
2010-09-27,1115.0
2010-09-28,1125.0
2010-09-29,1140.0
2010-09-30,1117.5
2010-10-01,1110.0
2010-10-04,1087.5
2010-10-05,1087.5
2010-10-06,1110.0
2010-10-07,1115.0
2010-10-08,1072.5
2010-10-11,1060.0
2010-10-12,1075.0
2010-10-13,1095.0
2010-10-14,1085.0
2010-10-15,1115.0
2010-10-19,1120.0
2010-10-20,1140.0
2010-10-21,1150.0
2010-10-22,1155.0
2010-10-25,1180.0
2010-10-26,1180.0
2010-10-27,1180.0
2010-10-28,1180.0
2010-10-29,1190.0
2010-11-01,1210.0
2010-11-02,1212.5
2010-11-03,1205.0
2010-11-04,1195.0
2010-11-05,1210.0
2010-11-08,1245.0
2010-11-09,1250.0
2010-11-10,1235.0
2010-11-11,1265.0
2010-11-12,1277.5
2010-11-15,1262.5
2010-11-16,1275.0
2010-11-17,1250.0
2010-11-18,1237.5
2010-11-19,1237.5
2010-11-22,1232.5
2010-11-23,1247.5
2010-11-24,1247.5
2010-11-25,1240.0
2010-11-26,1245.0
2010-11-29,1255.0
2010-11-30,1260.0
2010-12-01,1267.5
2010-12-02,1262.5
2010-12-03,1247.5
2010-12-06,1252.5
2010-12-07,1252.5
2010-12-08,1277.5
2010-12-09,1277.5
2010-12-10,1277.5
2010-12-13,1277.5
2010-12-14,1277.5
2010-12-15,1305.0
2010-12-16,1312.5
2010-12-23,1330.0
2010-12-27,1335.0
2010-12-28,1345.0
2010-12-29,1337.5
2011-01-03,1337.5
2011-01-04,1280.0
2011-01-05,1287.5
2011-01-06,1277.5
2011-01-07,1277.5
2011-01-10,1225.0
2011-01-11,1202.5
2011-01-12,1222.5
2011-01-13,1212.5
2011-01-14,1230.0
2011-01-18,1240.0
2011-01-19,1247.5
2011-01-20,1262.5
2011-01-21,1280.0
2011-01-24,1260.0
2011-01-25,1270.0
2011-01-26,1210.0
2011-01-27,1200.0
2011-01-28,1165.0
2011-01-31,1175.0
2011-02-01,1172.5
2011-02-02,1172.5
2011-02-03,1192.5
2011-02-04,1190.0
2011-02-07,1167.5
2011-02-08,1172.5
2011-02-09,1152.5
2011-02-10,1152.5
2011-02-11,1157.5
2011-02-14,1157.5
2011-02-15,1172.5
2011-02-16,1167.5
2011-02-17,1175.0
2011-02-18,1185.0
2011-02-22,1185.0
2011-02-23,1182.5
2011-02-24,1172.5
2011-02-25,1187.5
2011-02-28,1192.5
2011-03-01,1180.0
2011-03-02,1177.5
2011-03-03,1162.5
2011-03-04,1157.5
2011-03-07,1160.0
2011-03-08,1152.5
2011-03-09,1165.0
2011-03-10,1172.5
2011-03-11,1187.5
2011-03-14,1187.5
2011-03-15,1177.5
2011-03-16,1190.0
2011-03-17,1190.0
2011-03-18,1190.0
2011-03-21,1192.5
2011-03-22,1187.5
2011-03-23,1182.5
2011-03-24,1182.5
2011-03-25,1192.5
2011-03-28,1200.0
2011-03-29,1197.5
2011-03-30,1192.5
2011-03-31,1197.5
2011-04-01,1187.5
2011-04-04,1187.5
2011-04-05,1202.5
2011-04-06,1215.0
2011-04-07,1222.5
2011-04-08,1205.0
2011-04-11,1212.5
2011-04-12,1217.5
2011-04-13,1217.5
2011-04-14,1217.5
2011-04-15,1217.5
2011-04-18,1227.5
2011-04-19,1215.0
2011-04-20,1210.0
2011-04-21,1200.0
2011-04-25,1185.0
2011-04-26,1162.5
2011-04-27,1162.5
2011-04-28,1150.0
2011-04-29,1155.0
2011-05-02,1130.0
2011-05-03,1135.0
2011-05-04,1122.5
2011-05-05,1135.0
2011-05-06,1125.0
2011-05-09,1112.5
2011-05-10,1105.0
2011-05-11,1085.0
2011-05-12,1092.5
2011-05-13,1107.5
2011-05-16,1110.0
2011-05-17,1107.5
2011-05-18,1110.0
2011-05-19,1102.5
2011-05-20,1115.0
2011-05-23,1115.0
2011-05-24,1107.5
2011-05-25,1100.0
2011-05-26,1115.0
2011-05-27,1145.0
2011-05-31,1150.0
2011-06-03,1127.5
2011-06-06,1137.5
2011-06-07,1157.5
2011-06-08,1160.0
2011-06-09,1160.0
2011-06-10,1150.0
2011-06-13,1160.0
2011-06-14,1155.0
2011-06-15,1145.0
2011-06-16,1160.0
2011-06-17,1155.0
2011-06-20,1160.0
2011-06-21,1152.5
2011-06-22,1140.0
2011-06-23,1132.5
2011-06-24,1105.0
2011-06-27,1130.0
2011-06-28,1140.0
2011-06-29,1130.0
2011-06-30,1165.0
2011-07-01,1140.0
2011-07-05,1142.5
2011-07-06,1142.5
2011-07-07,1140.0
2011-07-08,1140.0
2011-07-11,1150.0
2011-07-12,1140.0
2011-07-13,1120.0
2011-07-14,1115.0
2011-07-15,1115.0
2011-07-18,1115.0
2011-07-19,1115.0
2011-07-20,1115.0
2011-07-21,1150.0
2011-07-22,1132.5
2011-07-25,1140.0
2011-07-26,1125.0
2011-07-27,1127.5
2011-07-29,1130.0
2011-08-01,1100.0
2011-08-02,1100.0
2011-08-03,1085.0
2011-08-04,1085.0
2011-08-05,1057.5
2011-08-08,1055.0
2011-08-09,1047.5
2011-08-10,1035.0
2011-08-11,1010.0
2011-08-12,990.0
2011-08-15,1000.0
2011-08-16,982.5
2011-08-17,972.5
2011-08-18,980.0
2011-08-19,960.0
2011-08-22,945.0
2011-08-23,940.0
2011-08-24,945.0
2011-08-25,940.0
2011-08-26,950.0
2011-08-29,952.5
2011-08-30,970.0
2011-08-31,968.5
2011-09-01,985.0
2011-09-02,957.5
2011-09-06,985.0
2011-09-07,972.5
2011-09-08,970.0
2011-09-09,980.0
2011-09-12,997.5
2011-09-13,997.5
2011-09-14,1010.0
2011-09-15,1017.5
2011-09-16,1007.5
2011-09-19,995.0
2011-09-20,1002.5
2011-09-21,1000.0
2011-09-22,1012.5
2011-09-23,1012.5
2011-09-26,1010.0
2011-09-27,1020.0
2011-09-28,1030.0
2011-09-29,1040.0
2011-09-30,1060.0
2011-10-03,1070.0
2011-10-04,1070.0
2011-10-05,1057.5
2011-10-06,1075.0
2011-10-07,1055.0
2011-10-10,1060.0
2011-10-11,1060.0
2011-10-12,1055.0
2011-10-13,1045.0
2011-10-14,1045.0
2011-10-18,1050.0
2011-10-19,1042.5
2011-10-20,1050.0
2011-10-21,1050.0
2011-10-24,1075.0
2011-10-25,1070.0
2011-10-26,1075.0
2011-10-27,1070.0
2011-10-28,1060.0
2011-10-31,1042.5
2011-11-01,1040.0
2011-11-02,1050.0
2011-11-03,1045.0
2011-11-04,1065.0
2011-11-07,1070.0
2011-11-08,1067.5
2011-11-09,1050.0
2011-11-10,1055.0
2011-11-11,1075.0
2011-11-14,1072.5
2011-11-15,1060.0
2011-11-16,1065.0
2011-11-17,1060.0
2011-11-18,1060.0
2011-11-21,1062.5
2011-11-22,1055.0
2011-11-23,1042.5
2011-11-24,1045.0
2011-11-25,1045.0
2011-11-28,1040.0
2011-11-29,1042.5
2011-11-30,1042.5
2011-12-01,1042.5
2011-12-02,1050.0
2011-12-05,1050.0
2011-12-06,1050.0
2011-12-07,1037.5
2011-12-08,1040.0
2011-12-09,1040.0
2011-12-12,1047.5
2011-12-13,1052.5
2011-12-14,1052.5
2011-12-15,1052.5
2011-12-23,1075.0
2011-12-27,1070.0
2011-12-28,1065.0
2011-12-29,1072.5
2011-12-30,1080.0
2012-01-03,1077.5
2012-01-04,1070.0
2012-01-05,1080.0
2012-01-06,1090.0
2012-01-09,1090.0
2012-01-10,1095.0
2012-01-11,1100.0
2012-01-12,1105.0
2012-01-13,1115.0
2012-01-17,1107.5
2012-01-18,1110.0
2012-01-19,1107.5
2012-01-20,1105.0
2012-01-23,1105.0
2012-01-24,1110.0
2012-01-25,1117.5
2012-01-26,1127.5
2012-01-27,1125.0
2012-01-30,1132.5
2012-01-31,1127.5
2012-02-01,1132.5
2012-02-02,1132.5
2012-02-03,1127.5
2012-02-06,1122.5
2012-02-07,1120.0
2012-02-08,1112.5
2012-02-09,1132.5
2012-02-10,1140.0
2012-02-13,1140.0
2012-02-14,1137.5
2012-02-15,1135.0
2012-02-16,1132.5
2012-02-17,1162.5
2012-02-21,1167.5
2012-02-22,1170.0
2012-02-23,1172.5
2012-02-24,1177.5
2012-02-27,1190.0
2012-02-28,1190.0
2012-02-29,1175.0
2012-03-01,1170.0
2012-03-02,1162.5
2012-03-05,1165.0
2012-03-06,1157.5
2012-03-07,1160.0
2012-03-08,1160.0
2012-03-09,1160.0
2012-03-12,1155.0
2012-03-13,1165.0
2012-03-14,1162.5
2012-03-15,1160.0
2012-03-16,1160.0
2012-03-19,1157.5
2012-03-20,1140.0
2012-03-21,1135.0
2012-03-22,1122.5
2012-03-23,1120.0
2012-03-26,1115.0
2012-03-27,1117.5
2012-03-28,1090.0
2012-03-29,1040.0
2012-03-30,1070.0
2012-04-02,1025.0
2012-04-03,1020.0
2012-04-04,1020.0
2012-04-05,1022.5
2012-04-09,995.0
2012-04-10,1002.5
2012-04-11,1020.0
2012-04-12,1030.0
2012-04-13,1037.5
2012-04-16,1012.5
2012-04-17,975.0
2012-04-18,955.0
2012-04-19,960.0
2012-04-20,975.0
2012-04-23,967.5
2012-04-24,967.5
2012-04-25,975.0
2012-04-26,965.0
2012-04-30,960.0
2012-05-01,930.0
2012-05-02,935.0
2012-05-03,947.5
2012-05-04,967.5
2012-05-07,992.5
2012-05-08,982.5
2012-05-09,960.0
2012-05-10,985.0
2012-05-11,980.0
2012-05-14,977.5
2012-05-15,977.5
2012-05-16,977.5
2012-05-18,1005.0
2012-05-21,1020.0
2012-05-22,1025.0
2012-05-23,1020.0
2012-05-24,1022.5
2012-05-25,1015.0
2012-05-29,1005.0
2012-05-30,985.0
2012-05-31,995.0
2012-06-01,1010.0
2012-06-04,1000.0
2012-06-05,982.5
2012-06-06,995.0
2012-06-07,995.0
2012-06-08,977.5
2012-06-11,952.5
2012-06-12,960.0
2012-06-13,947.5
2012-06-14,960.0
2012-06-15,982.5
2012-06-18,980.0
2012-06-19,967.5
2012-06-20,967.5
2012-06-21,965.0
2012-06-22,965.0
2012-06-25,960.0
2012-06-26,950.0
2012-06-27,952.5
2012-06-28,950.0
2012-06-29,932.5
2012-07-02,930.0
2012-07-03,925.0
2012-07-05,935.0
2012-07-06,945.0
2012-07-09,945.0
2012-07-10,945.0
2012-07-11,985.0
2012-07-12,980.0
2012-07-13,990.0
2012-07-16,1000.0
2012-07-17,975.0
2012-07-18,965.0
2012-07-19,970.0
2012-07-20,985.0
2012-07-23,985.0
2012-07-24,967.5
2012-07-25,952.5
2012-07-26,947.5
2012-07-27,947.5
2012-07-30,947.5
2012-07-31,950.0
2012-08-01,945.0
2012-08-02,957.5
2012-08-03,957.5
2012-08-06,937.5
2012-08-07,940.0
2012-08-08,930.0
2012-08-09,915.0
2012-08-10,882.5
2012-08-13,880.0
2012-08-14,870.0
2012-08-15,860.0
2012-08-16,845.0
2012-08-17,817.5
2012-08-20,760.0
2012-08-21,775.0
2012-08-22,765.0
2012-08-23,780.0
2012-08-24,765.0
2012-08-27,790.0
2012-08-28,785.0
2012-08-29,810.0
2012-08-30,805.0
2012-08-31,795.0
2012-09-04,807.5
2012-09-05,810.0
2012-09-06,815.0
2012-09-07,815.0
2012-09-10,830.0
2012-09-11,820.0
2012-09-12,835.0
2012-09-13,840.0
2012-09-14,840.0
2012-09-17,822.5
2012-09-18,812.5
2012-09-19,815.0
2012-09-20,822.5
2012-09-21,815.0
2012-09-24,790.0
2012-09-25,785.0
2012-09-26,795.0
2012-09-27,780.0
2012-09-28,775.0
2012-10-01,775.0
2012-10-02,775.0
2012-10-03,795.0
2012-10-04,795.0
2012-10-05,792.5
2012-10-08,802.5
2012-10-09,802.5
2012-10-10,800.0
2012-10-11,795.0
2012-10-12,790.0
2012-10-15,797.5
2012-10-16,792.5
2012-10-17,785.0
2012-10-18,785.0
2012-10-19,770.0
2012-10-22,780.0
2012-10-23,762.5
2012-10-24,765.0
2012-10-25,765.0
2012-10-26,752.5
2012-10-29,760.0
2012-10-30,755.0
2012-10-31,745.0
2012-11-01,742.5
2012-11-02,752.5
2012-11-05,757.5
2012-11-06,755.0
2012-11-07,750.0
2012-11-08,745.0
2012-11-09,762.5
2012-11-12,787.5
2012-11-13,800.0
2012-11-14,787.5
2012-11-15,810.0
2012-11-16,802.5
2012-11-19,807.5
2012-11-20,790.0
2012-11-21,785.0
2012-11-22,790.0
2012-11-23,790.0
2012-11-26,785.0
2012-11-27,785.0
2012-11-28,800.0
2012-11-29,810.0
2012-11-30,800.0
2012-12-03,807.5
2012-12-04,810.0
2012-12-05,825.0
2012-12-06,822.5
2012-12-07,822.5
2012-12-10,810.0
2012-12-11,810.0
2012-12-12,810.0
2012-12-13,820.0
2012-12-14,830.0
2012-12-17,830.0
2012-12-18,840.0
2012-12-19,830.0
2012-12-20,835.0
2012-12-21,835.0
2012-12-27,845.0
2012-12-28,845.0
2012-12-31,845.0
2013-01-02,830.0
2013-01-03,830.0
2013-01-04,837.5
2013-01-07,842.5
2013-01-08,850.0
2013-01-09,847.5
2013-01-10,837.5
2013-01-11,840.0
2013-01-14,820.0
2013-01-15,810.0
2013-01-16,810.0
2013-01-17,800.0
2013-01-18,797.5
2013-01-21,805.0
2013-01-22,805.0
2013-01-23,805.0
2013-01-24,810.0
2013-01-25,815.0
2013-01-28,815.0
2013-01-29,802.5
2013-01-30,795.0
2013-01-31,787.5
2013-02-01,802.5
2013-02-04,785.0
2013-02-05,797.5
2013-02-06,802.5
2013-02-07,807.5
2013-02-08,815.0
2013-02-11,815.0
2013-02-12,810.0
2013-02-13,807.5
2013-02-14,802.5
2013-02-15,782.5
2013-02-18,792.5
2013-02-19,800.0
2013-02-20,797.5
2013-02-21,792.5
2013-02-22,800.0
2013-02-25,805.0
2013-02-26,800.0
2013-02-27,802.5
2013-02-28,797.5
2013-03-01,785.0
2013-03-04,782.5
2013-03-05,780.0
2013-03-06,787.5
2013-03-07,782.5
2013-03-08,780.0
2013-03-11,775.0
2013-03-12,777.5
2013-03-13,782.5
2013-03-14,785.0
2013-03-15,777.5
2013-03-18,777.5
2013-03-19,777.5
2013-03-20,777.5
2013-03-21,772.5
2013-03-22,782.5
2013-03-25,780.0
2013-03-26,792.5
2013-03-27,802.5
2013-03-28,795.0
2013-04-01,797.5
2013-04-02,795.0
2013-04-03,800.0
2013-04-04,802.5
2013-04-05,800.0
2013-04-08,800.0
2013-04-09,805.0
2013-04-10,805.0
2013-04-11,805.0
2013-04-12,805.0
2013-04-15,810.0
2013-04-16,805.0
2013-04-17,800.0
2013-04-18,807.5
2013-04-19,805.0
2013-04-22,800.0
2013-04-23,800.0
2013-04-24,807.5
2013-04-25,817.5
2013-04-26,810.0
2013-04-29,805.0
2013-04-30,805.0
2013-05-01,802.5
2013-05-02,810.0
2013-05-03,815.0
2013-05-06,810.0
2013-05-07,810.0
2013-05-08,800.0
2013-05-10,795.0
2013-05-13,782.5
2013-05-14,787.5
2013-05-15,777.5
2013-05-16,775.0
2013-05-17,777.5
2013-05-20,772.5
2013-05-21,772.5
2013-05-22,775.0
2013-05-23,777.5
2013-05-24,780.0
2013-05-27,775.0
2013-05-28,785.0
2013-05-29,780.0
2013-05-30,785.0
2013-05-31,770.0
2013-06-03,762.5
2013-06-04,745.0
2013-06-05,752.5
2013-06-06,765.0
2013-06-07,760.0
2013-06-10,765.0
2013-06-11,765.0
2013-06-12,755.0
2013-06-13,750.0
2013-06-14,745.0
2013-06-17,740.0
2013-06-18,750.0
2013-06-19,745.0
2013-06-20,750.0
2013-06-21,750.0
2013-06-24,750.0
2013-06-25,750.0
2013-06-26,750.0
2013-06-27,750.0
2013-06-28,750.0
2013-07-01,752.5
2013-07-02,765.0
2013-07-03,770.0
2013-07-04,755.0
2013-07-05,770.0
2013-07-08,767.5
2013-07-09,770.0
2013-07-10,770.0
2013-07-11,772.5
2013-07-12,785.0
2013-07-15,785.0
2013-07-16,792.5
2013-07-17,785.0
2013-07-18,780.0
2013-07-19,785.0
2013-07-22,780.0
2013-07-23,775.0
2013-07-24,775.0
2013-07-25,780.0
2013-07-26,775.0
2013-07-29,765.0
2013-07-30,760.0
2013-07-31,762.5
2013-08-01,762.5
2013-08-02,762.5
2013-08-05,762.5
2013-08-06,760.0
2013-08-07,775.0
2013-08-08,772.5
2013-08-09,770.0
2013-08-12,765.0
2013-08-13,765.0
2013-08-15,757.5
2013-08-16,775.0
2013-08-19,765.0
2013-08-20,770.0
2013-08-21,760.0
2013-08-22,762.5
2013-08-23,770.0
2013-08-26,775.0
2013-08-27,770.0
2013-08-28,780.0
2013-08-29,782.5
2013-08-30,782.5
2013-09-02,782.5
2013-09-03,792.5
2013-09-04,792.5
2013-09-05,795.0
2013-09-06,802.5
2013-09-09,802.5
2013-09-10,810.0
2013-09-11,807.5
2013-09-12,805.0
2013-09-13,815.0
2013-09-16,817.5
2013-09-17,835.0
2013-09-18,845.0
2013-09-19,852.5
2013-09-20,845.0
2013-09-23,845.0
2013-09-24,832.5
2013-09-25,830.0
2013-09-26,817.5
2013-09-27,820.0
2013-09-30,837.5
2013-10-01,840.0
2013-10-02,835.0
2013-10-04,837.5
2013-10-07,832.5
2013-10-08,825.0
2013-10-09,827.5
2013-10-10,845.0
2013-10-11,845.0
2013-10-14,835.0
2013-10-15,832.5
2013-10-16,832.5
2013-10-17,835.0
2013-10-18,837.5
2013-10-21,830.0
2013-10-22,837.5
2013-10-23,835.0
2013-10-24,837.5
2013-10-25,835.0
2013-10-28,835.0
2013-10-29,832.5
2013-10-30,830.0
2013-10-31,805.0
2013-11-01,807.5
2013-11-04,805.0
2013-11-05,787.5
2013-11-06,792.5
2013-11-07,802.5
2013-11-08,807.5
2013-11-11,810.0
2013-11-12,810.0
2013-11-13,802.5
2013-11-14,792.5
2013-11-15,790.0
2013-11-18,792.5
2013-11-19,790.0
2013-11-20,787.5
2013-11-21,787.5
2013-11-22,790.0
2013-11-25,790.0
2013-11-26,790.0
2013-11-27,795.0
2013-11-29,795.0
2013-12-02,792.5
2013-12-03,797.5
2013-12-04,795.0
2013-12-05,787.5
2013-12-06,782.5
2013-12-09,787.5
2013-12-10,787.5
2013-12-11,787.5
2013-12-12,787.5
2013-12-13,782.5
2013-12-16,790.0
2013-12-17,797.5
2013-12-18,800.0
2013-12-19,810.0
2013-12-27,812.5
2013-12-30,817.5
2014-01-02,830.0
2014-01-03,837.5
2014-01-06,847.5
2014-01-07,855.0
2014-01-08,852.5
2014-01-09,867.5
2014-01-10,867.5
2014-01-13,872.5
2014-01-14,880.0
2014-01-15,897.5
2014-01-16,890.0
2014-01-17,892.5
2014-01-20,907.5
2014-01-21,917.5
2014-01-22,932.5
2014-01-23,940.0
2014-01-24,940.0
2014-01-27,935.0
2014-01-28,915.0
2014-01-29,915.0
2014-01-30,912.5
2014-01-31,902.5
2014-02-03,905.0
2014-02-04,915.0
2014-02-05,910.0
2014-02-06,895.0
2014-02-07,892.5
2014-02-10,890.0
2014-02-11,880.0
2014-02-12,877.5
2014-02-13,872.5
2014-02-14,862.5
2014-02-17,862.5
2014-02-18,865.0
2014-02-19,855.0
2014-02-20,860.0
2014-02-21,857.5
2014-02-24,852.5
2014-02-25,857.5
2014-02-26,857.5
2014-02-27,857.5
2014-02-28,860.0
2014-03-03,862.5
2014-03-05,872.5
2014-03-06,867.5
2014-03-07,865.0
2014-03-10,870.0
2014-03-11,860.0
2014-03-12,862.5
2014-03-13,862.5
2014-03-14,867.5
2014-03-17,862.5
2014-03-18,855.0
2014-03-19,847.5
2014-03-20,845.0
2014-03-21,837.5
2014-03-24,840.0
2014-03-25,837.5
2014-03-26,842.5
2014-03-27,842.5
2014-03-28,842.5
2014-03-31,852.5
2014-04-01,855.0
2014-04-02,832.5
2014-04-03,830.0
2014-04-04,820.0
2014-04-07,817.5
2014-04-08,822.5
2014-04-09,820.0
2014-04-10,817.5
2014-04-11,815.0
2014-04-14,795.0
2014-04-15,785.0
2014-04-16,782.5
2014-04-17,790.0
2014-04-21,785.0
2014-04-22,787.5
2014-04-23,792.5
2014-04-24,785.0
2014-04-25,782.5
2014-04-28,787.5
2014-04-29,792.5
2014-04-30,790.0
2014-05-02,792.5
2014-05-05,800.0
2014-05-06,800.0
2014-05-07,800.0
2014-05-08,810.0
2014-05-09,812.5
2014-05-12,815.0
2014-05-13,815.0
2014-05-14,810.0
2014-05-15,810.0
2014-05-16,802.5
2014-05-19,805.0
2014-05-20,810.0
2014-05-21,805.0
2014-05-22,810.0
2014-05-23,802.5
2014-05-26,800.0
2014-05-27,802.5
2014-05-30,792.5
2014-06-02,782.5
2014-06-03,782.5
2014-06-04,775.0
2014-06-05,777.5
2014-06-06,777.5
2014-06-09,777.5
2014-06-10,775.0
2014-06-11,770.0
2014-06-12,775.0
2014-06-13,772.5
2014-06-16,772.5
2014-06-17,772.5
2014-06-18,772.5
2014-06-19,767.5
2014-06-20,770.0
2014-06-23,767.5
2014-06-24,765.0
2014-06-25,757.5
2014-06-26,755.0
2014-06-27,747.5
2014-06-30,735.0
2014-07-01,735.0
2014-07-02,730.0
2014-07-03,720.0
2014-07-04,710.0
2014-07-07,692.5
2014-07-08,687.5
2014-07-09,682.5
2014-07-10,677.5
2014-07-11,670.0
2014-07-14,675.0
2014-07-15,670.0
2014-07-16,670.0
2014-07-17,675.0
2014-07-18,660.0
2014-07-21,660.0
2014-07-22,667.5
2014-07-23,667.5
2014-07-24,685.0
2014-07-25,687.5
2014-07-28,695.0
2014-07-29,687.5
2014-07-30,685.0
2014-07-31,695.0
2014-08-01,697.5
2014-08-04,702.5
2014-08-05,702.5
2014-08-06,702.5
2014-08-07,700.0
2014-08-08,690.0
2014-08-11,690.0
2014-08-12,692.5
2014-08-13,697.5
2014-08-14,707.5
2014-08-15,700.0
2014-08-18,702.5
2014-08-19,707.5
2014-08-20,700.0
2014-08-21,695.0
2014-08-22,697.5
2014-08-25,697.5
2014-08-26,697.5
2014-08-27,700.0
2014-08-28,692.5
2014-08-29,690.0
2014-09-01,692.5
2014-09-02,687.5
2014-09-03,672.5
2014-09-04,680.0
2014-09-05,680.0
2014-09-08,682.5
2014-09-09,682.5
2014-09-10,695.0
2014-09-11,697.5
2014-09-12,692.5
2014-09-15,702.5
2014-09-16,715.0
2014-09-17,717.5
2014-09-18,722.5
2014-09-19,730.0
2014-09-22,720.0
2014-09-23,700.0
2014-09-24,697.5
2014-09-25,687.5
2014-09-26,700.0
2014-09-29,702.5
2014-09-30,700.0
2014-10-01,692.5
2014-10-03,687.5
2014-10-06,690.0
2014-10-07,692.5
2014-10-08,692.5
2014-10-09,685.0
2014-10-10,690.0
2014-10-13,685.0
2014-10-14,687.5
2014-10-15,692.5
2014-10-16,670.0
2014-10-17,642.5
2014-10-20,652.5
2014-10-21,660.0
2014-10-22,652.5
2014-10-23,650.0
2014-10-24,647.5
2014-10-27,640.0
2014-10-28,647.5
2014-10-29,647.5
2014-10-30,647.5
2014-10-31,642.5
2014-11-03,632.5
2014-11-04,635.0
2014-11-05,645.0
2014-11-06,642.5
2014-11-07,672.5
2014-11-10,667.5
2014-11-11,655.0
2014-11-12,657.5
2014-11-13,665.0
2014-11-14,680.0
2014-11-17,672.5
2014-11-18,677.5
2014-11-19,665.0
2014-11-20,667.5
2014-11-21,672.5
2014-11-24,667.5
2014-11-25,662.5
2014-11-26,650.0
2014-11-28,647.5
2014-12-01,645.0
2014-12-02,627.5
2014-12-03,630.0
2014-12-04,630.0
2014-12-05,610.0
2014-12-08,612.5
2014-12-09,612.5
2014-12-10,612.5
2014-12-11,637.5
2014-12-12,662.5
2014-12-15,675.0
2014-12-16,672.5
2014-12-17,665.0
2014-12-18,657.5
2014-12-19,657.5
2014-12-30,660.0
2015-01-02,660.0
2015-01-05,660.0
2015-01-06,660.0
2015-01-07,642.5
2015-01-08,645.0
2015-01-09,650.0
2015-01-12,660.0
2015-01-13,662.5
2015-01-14,675.0
2015-01-15,675.0
2015-01-16,677.5
2015-01-20,660.0
2015-01-21,655.0
2015-01-22,645.0
2015-01-23,632.5
2015-01-26,640.0
2015-01-27,630.0
2015-01-28,632.5
2015-01-29,625.0
2015-01-30,607.5
2015-02-02,615.0
2015-02-03,617.5
2015-02-04,602.5
2015-02-05,615.0
2015-02-06,612.5
2015-02-09,612.5
2015-02-10,617.5
2015-02-11,610.0
2015-02-12,612.5
2015-02-13,605.0
2015-02-18,602.5
2015-02-19,612.5
2015-02-20,632.5
2015-02-23,627.5
2015-02-24,617.5
2015-02-25,607.5
2015-02-26,605.0
2015-02-27,600.0
2015-03-02,607.5
2015-03-03,607.5
2015-03-04,610.0
2015-03-05,615.0
2015-03-06,617.5
2015-03-09,622.5
2015-03-10,625.0
2015-03-11,620.0
2015-03-12,627.5
2015-03-13,617.5
2015-03-16,615.0
2015-03-17,612.5
2015-03-18,617.5
2015-03-19,617.5
2015-03-20,625.0
2015-03-23,635.0
2015-03-24,630.0
2015-03-25,627.5
2015-03-26,632.5
2015-03-27,635.0
2015-03-30,630.0
2015-03-31,635.0
2015-04-01,635.0
2015-04-02,625.0
2015-04-06,620.0
2015-04-07,625.0
2015-04-08,622.5
2015-04-09,630.0
2015-04-10,625.0
2015-04-13,627.5
2015-04-14,627.5
2015-04-15,647.5
2015-04-16,650.0
2015-04-17,645.0
2015-04-20,650.0
2015-04-21,650.0
2015-04-22,642.5
2015-04-23,637.5
2015-04-24,635.0
2015-04-27,632.5
2015-04-28,632.5
2015-04-29,627.5
2015-04-30,635.0
2015-05-04,637.5
2015-05-05,630.0
2015-05-06,632.5
2015-05-07,630.0
2015-05-08,625.0
2015-05-11,637.5
2015-05-12,635.0
2015-05-13,637.5
2015-05-15,632.5
2015-05-18,625.0
2015-05-19,637.5
2015-05-20,632.5
2015-05-21,635.0
2015-05-22,625.0
2015-05-26,617.5
2015-05-27,605.0
2015-05-28,615.0
2015-05-29,617.5
2015-06-01,615.0
2015-06-02,615.0
2015-06-03,615.0
2015-06-04,615.0
2015-06-05,615.0
2015-06-08,607.5
2015-06-09,615.0
2015-06-10,612.5
2015-06-11,607.5
2015-06-12,605.0
2015-06-15,595.0
2015-06-16,592.5
2015-06-17,587.5
2015-06-18,587.5
2015-06-19,582.5
2015-06-22,570.0
2015-06-23,572.5
2015-06-24,562.5
2015-06-25,560.0
2015-06-26,555.0
2015-06-29,552.5
2015-06-30,545.0
2015-07-01,527.5
2015-07-02,532.5
2015-07-03,530.0
2015-07-06,525.0
2015-07-07,527.5
2015-07-08,525.0
2015-07-09,510.0
2015-07-10,505.0
2015-07-13,482.5
2015-07-14,487.5
2015-07-15,472.5
2015-07-16,490.0
2015-07-17,510.0
2015-07-20,510.0
2015-07-21,510.0
2015-07-22,500.0
2015-07-23,505.0
2015-07-24,505.0
2015-07-27,502.5
2015-07-28,507.5
2015-07-29,512.5
2015-07-30,522.5
2015-07-31,520.0
2015-08-03,527.5
2015-08-04,522.5
2015-08-05,522.5
2015-08-06,520.0
2015-08-07,515.0
2015-08-10,517.5
2015-08-11,517.5
2015-08-12,532.5
2015-08-13,532.5
2015-08-14,552.5
2015-08-17,560.0
2015-08-18,565.0
2015-08-19,560.0
2015-08-20,567.5
2015-08-21,560.0
2015-08-24,572.5
2015-08-25,567.5
2015-08-26,572.5
2015-08-27,565.0
2015-08-28,562.5
2015-08-31,567.5
2015-09-01,572.5
2015-09-02,572.5
2015-09-03,575.0
2015-09-04,570.0
2015-09-07,555.0
2015-09-08,560.0
2015-09-09,565.0
2015-09-10,567.5
2015-09-11,562.5
2015-09-14,555.0
2015-09-15,555.0
2015-09-16,557.5
2015-09-17,555.0
2015-09-18,550.0
2015-09-21,545.0
2015-09-22,542.5
2015-09-23,557.5
2015-09-24,552.5
2015-09-25,547.5
2015-09-28,552.5
2015-09-29,552.5
2015-09-30,540.0
2015-10-01,537.5
2015-10-02,527.5
2015-10-05,525.0
2015-10-06,517.5
2015-10-07,525.0
2015-10-08,520.0
2015-10-09,520.0
2015-10-12,515.0
2015-10-13,515.0
2015-10-14,520.0
2015-10-15,525.0
2015-10-16,530.0
2015-10-19,525.0
2015-10-20,520.0
2015-10-21,522.5
2015-10-22,525.0
2015-10-23,525.0
2015-10-26,545.0
2015-10-27,537.5
2015-10-28,535.0
2015-10-29,532.5
2015-10-30,542.5
2015-11-02,525.0
2015-11-03,522.5
2015-11-04,532.5
2015-11-05,532.5
2015-11-06,532.5
2015-11-09,542.5
2015-11-10,545.0
2015-11-11,547.5
2015-11-12,537.5
2015-11-13,540.0
2015-11-16,535.0
2015-11-17,530.0
2015-11-18,535.0
2015-11-19,532.5
2015-11-20,527.5
2015-11-23,535.0
2015-11-24,532.5
2015-11-25,535.0
2015-11-26,542.5
2015-11-27,542.5
2015-11-30,537.5
2015-12-01,535.0
2015-12-02,552.5
2015-12-03,552.5
2015-12-04,557.5
2015-12-07,570.0
2015-12-08,570.0
2015-12-09,570.0
2015-12-10,570.0
2015-12-11,582.5
2015-12-14,587.5
2015-12-15,595.0
2015-12-16,605.0
2015-12-17,605.0
2015-12-18,605.0
2015-12-21,607.5
2015-12-22,615.0
2015-12-30,622.5
2016-01-04,615.0
2016-01-05,620.0
2016-01-06,620.0
2016-01-07,622.5
2016-01-08,620.0
2016-01-11,612.5
2016-01-12,612.5
2016-01-13,600.0
2016-01-14,600.0
2016-01-15,605.0
2016-01-18,607.5
2016-01-19,610.0
2016-01-20,605.0
2016-01-21,607.5
2016-01-22,622.5
2016-01-25,620.0
2016-01-26,627.5
2016-01-27,625.0
2016-01-28,637.5
2016-01-29,635.0
2016-02-01,637.5
2016-02-02,640.0
2016-02-03,652.5
2016-02-04,665.0
2016-02-05,665.0
2016-02-08,677.5
2016-02-09,677.5
2016-02-10,670.0
2016-02-11,687.5
2016-02-12,695.0
2016-02-15,697.5
2016-02-16,702.5
2016-02-17,710.0
2016-02-18,717.5
2016-02-19,712.5
2016-02-22,705.0
2016-02-23,707.5
2016-02-24,702.5
2016-02-25,702.5
2016-02-26,697.5
2016-02-29,702.5
2016-03-01,700.0
2016-03-03,695.0
2016-03-04,695.0
2016-03-07,702.5
2016-03-08,712.5
2016-03-09,717.5
2016-03-10,707.5
2016-03-11,702.5
2016-03-14,705.0
2016-03-15,705.0
2016-03-16,702.5
2016-03-17,702.5
2016-03-18,702.5
2016-03-21,685.0
2016-03-22,692.5
2016-03-23,692.5
2016-03-24,700.0
2016-03-28,695.0
2016-03-29,702.5
2016-03-30,700.0
2016-03-31,700.0
2016-04-01,700.0
2016-04-04,687.5
2016-04-05,677.5
2016-04-06,680.0
2016-04-07,670.0
2016-04-08,662.5
2016-04-11,670.0
2016-04-12,672.5
2016-04-13,672.5
2016-04-14,675.0
2016-04-15,675.0
2016-04-18,672.5
2016-04-19,677.5
2016-04-20,677.5
2016-04-21,680.0
2016-04-22,672.5
2016-04-25,670.0
2016-04-26,672.5
2016-04-27,672.5
2016-04-28,660.0
2016-04-29,650.0
2016-05-02,647.5
2016-05-03,632.5
2016-05-04,637.5
2016-05-06,632.5
2016-05-09,625.0
2016-05-10,625.0
2016-05-11,632.5
2016-05-12,622.5
2016-05-13,622.5
2016-05-17,625.0
2016-05-18,617.5
2016-05-19,625.0
2016-05-20,630.0
2016-05-23,637.5
2016-05-24,637.5
2016-05-25,637.5
2016-05-26,637.5
2016-05-27,602.5
2016-05-30,605.0
2016-05-31,597.5
2016-06-01,605.0
2016-06-02,607.5
2016-06-03,610.0
2016-06-06,610.0
2016-06-07,612.5
2016-06-08,617.5
2016-06-09,622.5
2016-06-10,617.5
2016-06-13,612.5
2016-06-14,617.5
2016-06-15,617.5
2016-06-16,617.5
2016-06-17,622.5
2016-06-20,630.0
2016-06-21,635.0
2016-06-22,650.0
2016-06-23,652.5
2016-06-24,647.5
2016-06-27,662.5
2016-06-28,677.5
2016-06-29,697.5
2016-06-30,695.0
2016-07-01,702.5
2016-07-04,737.5
2016-07-05,727.5
2016-07-06,752.5
2016-07-07,745.0
2016-07-08,752.5
2016-07-11,745.0
2016-07-12,745.0
2016-07-13,747.5
2016-07-14,740.0
2016-07-15,742.5
2016-07-18,737.5
2016-07-19,737.5
2016-07-20,737.5
2016-07-21,727.5
2016-07-22,745.0
2016-07-25,752.5
2016-07-26,745.0
2016-07-27,732.5
2016-07-28,732.5
2016-07-29,735.0
2016-08-01,735.0
2016-08-02,722.5
2016-08-03,712.5
2016-08-04,720.0
2016-08-05,720.0
2016-08-08,737.5
2016-08-09,745.0
2016-08-10,747.5
2016-08-11,737.5
2016-08-12,737.5
2016-08-15,727.5
2016-08-16,705.0
2016-08-17,700.0
2016-08-18,700.0
2016-08-19,700.0
2016-08-22,692.5
2016-08-23,682.5
2016-08-24,685.0
2016-08-25,672.5
2016-08-26,662.5
2016-08-29,670.0
2016-08-30,675.0
2016-08-31,672.5
2016-09-01,680.0
2016-09-02,690.0
2016-09-05,685.0
2016-09-06,687.5
2016-09-07,687.5
2016-09-08,687.5
2016-09-09,710.0
2016-09-12,695.0
2016-09-13,702.5
2016-09-14,697.5
2016-09-15,697.5
2016-09-16,692.5
2016-09-19,690.0
2016-09-20,695.0
2016-09-22,697.5
2016-09-23,690.0
2016-09-26,697.5
2016-09-27,707.5
2016-09-28,707.5
2016-09-29,712.5
2016-09-30,720.0
2016-10-03,700.0
2016-10-04,697.5
2016-10-05,700.0
2016-10-06,700.0
2016-10-07,697.5
2016-10-10,707.5
2016-10-11,702.5
2016-10-12,707.5
2016-10-13,717.5
2016-10-14,722.5
2016-10-17,727.5
2016-10-18,722.5
2016-10-19,727.5
2016-10-20,732.5
2016-10-21,735.0
2016-10-24,747.5
2016-10-25,755.0
2016-10-26,750.0
2016-10-27,747.5
2016-10-28,740.0
2016-10-31,740.0
2016-11-01,747.5
2016-11-02,747.5
2016-11-03,762.5
2016-11-04,757.5
2016-11-07,757.5
2016-11-08,745.0
2016-11-09,747.5
2016-11-10,745.0
2016-11-11,747.5
2016-11-14,750.0
2016-11-15,750.0
2016-11-16,752.5
2016-11-17,755.0
2016-11-18,752.5
2016-11-21,750.0
2016-11-22,752.5
2016-11-23,747.5
2016-11-24,760.0
2016-11-25,757.5
2016-11-28,760.0
2016-11-29,757.5
2016-11-30,762.5
2016-12-01,767.5
2016-12-02,765.0
2016-12-05,765.0
2016-12-06,765.0
2016-12-07,775.0
2016-12-08,772.5
2016-12-09,770.0
2016-12-12,770.0
2016-12-13,770.0
2016-12-14,762.5
2016-12-15,762.5
2016-12-16,770.0
2016-12-19,770.0
2016-12-20,777.5
2016-12-21,782.5
2016-12-22,780.0
2016-12-29,780.0
2016-12-30,770.0
2017-01-02,767.5
2017-01-03,770.0
2017-01-04,762.5
2017-01-05,737.5
2017-01-06,722.5
2017-01-09,730.0
2017-01-10,720.0
2017-01-11,722.5
2017-01-12,717.5
2017-01-13,712.5
2017-01-16,702.5
2017-01-17,710.0
2017-01-18,715.0
2017-01-19,725.0
2017-01-20,722.5
2017-01-23,712.5
2017-01-24,705.0
2017-01-25,712.5
2017-01-26,720.0
2017-01-27,722.5
2017-01-30,725.0
2017-01-31,720.0
2017-02-01,722.5
2017-02-02,727.5
2017-02-03,712.5
2017-02-06,707.5
2017-02-07,705.0
2017-02-08,705.0
2017-02-09,705.0
2017-02-10,690.0
2017-02-13,687.5
2017-02-14,697.5
2017-02-15,695.0
2017-02-16,710.0
2017-02-17,700.0
2017-02-20,695.0
2017-02-21,700.0
2017-02-22,690.0
2017-02-23,672.5
2017-02-24,667.5
2017-02-27,667.5
2017-03-01,672.5
2017-03-02,677.5
2017-03-08,677.5
2017-03-09,672.5
2017-03-10,680.0
2017-03-13,675.0
2017-03-14,675.0
2017-03-15,680.0
2017-03-16,672.5
2017-03-17,670.0
2017-03-20,675.0
2017-03-21,682.5
2017-03-22,687.5
2017-03-23,687.5
2017-03-24,695.0
2017-03-27,697.5
2017-03-28,710.0
2017-03-29,697.5
2017-03-30,707.5
2017-03-31,705.0
2017-04-03,710.0
2017-04-05,720.0
2017-04-06,715.0
2017-04-07,715.0
2017-04-10,710.0
2017-04-11,705.0
2017-04-13,700.0
2017-04-17,700.0
2017-04-18,700.0
2017-04-19,697.5
2017-04-20,700.0
2017-04-21,695.0
2017-04-24,690.0
2017-04-25,687.5
2017-04-26,682.5
2017-04-27,682.5
2017-04-28,677.5
2017-05-02,680.0
2017-05-03,685.0
2017-05-04,667.5
2017-05-05,670.0
2017-05-08,657.5
2017-05-09,652.5
2017-05-10,652.5
2017-05-11,650.0
2017-05-12,650.0
2017-05-15,650.0
2017-05-16,650.0
2017-05-17,655.0
2017-05-18,652.5
2017-05-19,662.5
2017-05-22,665.0
2017-05-23,667.5
2017-05-24,672.5
2017-05-26,670.0
2017-05-29,675.0
2017-05-30,670.0
2017-05-31,665.0
2017-06-01,667.5
2017-06-02,642.5
2017-06-05,640.0
2017-06-06,637.5
2017-06-07,642.5
2017-06-08,632.5
2017-06-09,630.0
2017-06-12,645.0
2017-06-13,647.5
2017-06-14,655.0
2017-06-15,640.0
2017-06-16,635.0
2017-06-19,642.5
2017-06-20,642.5
2017-06-21,650.0
2017-06-22,652.5
2017-06-23,647.5
2017-06-26,642.5
2017-06-27,640.0
2017-06-28,645.0
2017-06-29,652.5
2017-06-30,660.0
2017-07-03,665.0
2017-07-04,665.0
2017-07-05,675.0
2017-07-06,672.5
2017-07-07,672.5
2017-07-10,665.0
2017-07-11,665.0
2017-07-13,665.0
2017-07-14,665.0
2017-07-17,665.0
2017-07-18,675.0
2017-07-19,677.5
2017-07-20,690.0
2017-07-21,692.5
2017-07-24,702.5
2017-07-25,710.0
2017-07-26,720.0
2017-07-27,720.0
2017-08-04,725.0
2017-08-07,715.0
2017-08-08,700.0
2017-08-09,697.5
2017-08-10,690.0
2017-08-11,690.0
2017-08-14,675.0
2017-08-15,685.0
2017-08-16,687.5
2017-08-17,675.0
2017-08-18,670.0
2017-08-21,672.5
2017-08-22,680.0
2017-08-23,682.5
2017-08-24,685.0
2017-08-25,685.0
2017-08-28,675.0
2017-08-29,675.0
2017-08-30,675.0
2017-08-31,682.5
2017-09-01,682.5
2017-09-04,680.0
2017-09-05,680.0
2017-09-06,675.0
2017-09-07,680.0
2017-09-08,685.0
2017-09-11,682.5
2017-09-12,687.5
2017-09-13,690.0
2017-09-14,690.0
2017-09-15,695.0
2017-09-18,692.5
2017-09-19,695.0
2017-09-20,692.5
2017-09-21,687.5
2017-09-22,685.0
2017-09-25,685.0
2017-09-26,690.0
2017-09-27,687.5
2017-09-28,687.5
2017-10-02,682.5
2017-10-03,675.0
2017-10-04,675.0
2017-10-05,670.0
2017-10-06,667.5
2017-10-09,650.0
2017-10-10,652.5
2017-10-11,650.0
2017-10-12,647.5
2017-10-13,647.5
2017-10-16,642.5
2017-10-17,642.5
2017-10-18,640.0
2017-10-19,645.0
2017-10-20,645.0
2017-10-23,647.5
2017-10-24,642.5
2017-10-25,637.5
2017-10-26,630.0
2017-10-27,617.5
2017-10-30,620.0
2017-10-31,617.5
2017-11-01,610.0
2017-11-02,622.5
2017-11-03,620.0
2017-11-06,620.0
2017-11-07,617.5
2017-11-08,607.5
2017-11-09,607.5
2017-11-10,622.5
2017-11-13,622.5
2017-11-14,635.0
2017-11-15,652.5
2017-11-16,650.0
2017-11-17,652.5
2017-11-20,660.0
2017-11-21,655.0
2017-11-22,660.0
2017-11-23,652.5
2017-11-24,652.5
2017-11-27,655.0
2017-11-28,647.5
2017-11-29,642.5
2017-11-30,642.5
2017-12-01,635.0
2017-12-04,640.0
2017-12-05,640.0
2017-12-06,645.0
2017-12-07,642.5
2017-12-11,645.0
2017-12-12,655.0
2017-12-13,652.5
2017-12-14,652.5
2017-12-15,652.5
2017-12-18,647.5
2017-12-19,650.0
2017-12-20,645.0
2017-12-21,645.0
2017-12-22,647.5
2017-12-28,647.5
2017-12-29,647.5
2018-01-02,647.5
2018-01-03,647.5
2018-01-04,665.0
2018-01-05,657.5
2018-01-08,657.5
2018-01-09,660.0
2018-01-10,667.5
2018-01-11,670.0
2018-01-12,672.5
2018-01-15,675.0
2018-01-16,675.0
2018-01-17,662.5
2018-01-18,660.0
2018-01-19,667.5
2018-01-22,657.5
2018-01-23,650.0
2018-01-24,645.0
2018-01-25,647.5
2018-01-26,652.5
2018-01-29,660.0
2018-01-30,657.5
2018-01-31,657.5
2018-02-01,655.0
2018-02-02,655.0
2018-02-05,655.0
2018-02-06,657.5
2018-02-07,652.5
2018-02-08,655.0
2018-02-09,655.0
2018-02-14,652.5
2018-02-15,652.5
2018-02-16,655.0
2018-02-19,660.0
2018-02-20,662.5
2018-02-21,667.5
2018-02-22,665.0
2018-02-23,657.5
2018-02-26,657.5
2018-02-27,655.0
2018-02-28,652.5
2018-03-01,645.0
2018-03-02,647.5
2018-03-05,647.5
2018-03-06,645.0
2018-03-07,647.5
2018-03-08,647.5
2018-03-09,642.5
2018-03-12,642.5
2018-03-13,640.0
2018-03-14,640.0
2018-03-15,635.0
2018-03-16,635.0
2018-03-19,630.0
2018-03-20,630.0
2018-03-21,635.0
2018-03-22,635.0
2018-03-23,635.0
2018-03-26,635.0
2018-03-27,637.5
2018-03-28,642.5
2018-03-29,637.5
2018-04-03,640.0
2018-04-04,642.5
2018-04-05,650.0
2018-04-06,642.5
2018-04-09,647.5
2018-04-10,637.5
2018-04-11,630.0
2018-04-12,630.0
2018-04-13,632.5
2018-04-16,632.5
2018-04-17,632.5
2018-04-18,632.5
2018-04-19,627.5
2018-04-20,627.5
2018-04-23,625.0
2018-04-24,617.5
2018-04-25,612.5
2018-04-26,605.0
2018-04-27,602.5
2018-04-30,602.5
2018-05-02,602.5
2018-05-03,605.0
2018-05-04,592.5
2018-05-07,590.0
2018-05-08,590.0
2018-05-09,595.0
2018-05-11,590.0
2018-05-14,587.5
2018-05-15,592.5
2018-05-16,597.5
2018-05-17,597.5
2018-05-21,600.0
2018-05-22,595.0
2018-05-23,590.0
2018-05-24,585.0
2018-05-25,582.5
2018-05-28,582.5
2018-05-29,580.0
2018-05-30,567.5
2018-05-31,567.5
2018-06-01,557.5
2018-06-04,557.5
2018-06-05,557.5
2018-06-06,565.0
2018-06-07,555.0
2018-06-08,557.5
2018-06-11,550.0
2018-06-12,542.5
2018-06-13,547.5
2018-06-14,555.0
2018-06-15,552.5
2018-06-18,552.5
2018-06-19,555.0
2018-06-20,560.0
2018-06-21,555.0
2018-06-22,555.0
2018-06-25,555.0
2018-06-26,562.5
2018-06-27,567.5
2018-06-28,567.5
2018-06-29,570.0
2018-07-02,560.0
2018-07-03,560.0
2018-07-04,552.5
2018-07-05,555.0
2018-07-06,555.0
2018-07-09,562.5
2018-07-10,562.5
2018-07-11,562.5
2018-07-12,555.0
2018-07-13,555.0
2018-07-16,552.5
2018-07-17,565.0
2018-07-18,557.5
2018-07-19,560.0
2018-07-20,560.0
2018-07-23,565.0
2018-07-24,570.0
2018-07-25,570.0
2018-07-26,567.5
2018-07-27,565.0
2018-07-30,565.0
2018-07-31,565.0
2018-08-01,562.5
2018-08-02,560.0
2018-08-03,560.0
2018-08-06,560.0
2018-08-07,550.0
2018-08-08,542.5
2018-08-09,537.5
2018-08-10,535.0
2018-08-13,540.0
2018-08-14,545.0
2018-08-15,540.0
2018-08-16,537.5
2018-08-17,547.5
2018-08-20,547.5
2018-08-21,547.5
2018-08-22,552.5
2018-08-23,555.0
2018-08-24,552.5
2018-08-27,545.0
2018-08-28,547.5
2018-08-29,545.0
2018-08-30,542.5
2018-08-31,545.0
2018-09-03,545.0
2018-09-04,542.5
2018-09-05,542.5
2018-09-06,540.0
2018-09-07,535.0
2018-09-10,537.5
2018-09-11,532.5
2018-09-12,525.0
2018-09-13,517.5
2018-09-14,515.0
2018-09-17,522.5
2018-09-18,520.0
2018-09-19,522.5
2018-09-20,520.0
2018-09-21,520.0
2018-09-24,515.0
2018-09-25,515.0
2018-09-26,510.0
2018-09-27,507.5
2018-09-28,495.0
2018-10-01,492.5
2018-10-02,487.5
2018-10-03,477.5
2018-10-04,477.5
2018-10-05,462.5
2018-10-08,462.5
2018-10-09,462.5
2018-10-10,462.5
2018-10-11,477.5
2018-10-12,477.5
2018-10-15,472.5
2018-10-16,470.0
2018-10-17,475.0
2018-10-18,475.0
2018-10-19,480.0
2018-10-22,472.5
2018-10-23,472.5
2018-10-24,465.0
2018-10-25,470.0
2018-10-26,472.5
2018-10-29,480.0
2018-10-30,475.0
2018-10-31,475.0
2018-11-01,480.0
2018-11-02,482.5
2018-11-05,485.0
2018-11-06,497.5
2018-11-07,505.0
2018-11-08,502.5
2018-11-09,495.0
2018-11-12,490.0
2018-11-13,507.5
2018-11-14,512.5
2018-11-15,515.0
2018-11-16,512.5
2018-11-19,517.5
2018-11-20,527.5
2018-11-21,527.5
2018-11-22,527.5
2018-11-23,522.5
2018-11-26,525.0
2018-11-27,530.0
2018-11-28,532.5
2018-11-29,540.0
2018-11-30,540.0
2018-12-03,545.0
2018-12-04,547.5
2018-12-05,550.0
2018-12-06,550.0
2018-12-07,562.5
2018-12-10,555.0
2018-12-11,560.0
2018-12-12,562.5
2018-12-13,562.5
2018-12-14,562.5
2018-12-17,562.5
2018-12-18,562.5
2018-12-19,572.5
2018-12-20,567.5
2018-12-28,562.5
2018-12-31,560.0
2019-01-02,560.0
2019-01-03,565.0
2019-01-04,557.5
2019-01-07,562.5
2019-01-08,555.0
2019-01-09,550.0
2019-01-10,550.0
2019-01-11,547.5
2019-01-14,540.0
2019-01-15,532.5
2019-01-16,525.0
2019-01-17,525.0
2019-01-18,535.0
2019-01-21,530.0
2019-01-22,525.0
2019-01-23,525.0
2019-01-24,525.0
2019-01-25,522.5
2019-01-28,517.5
2019-01-29,515.0
2019-01-30,515.0
2019-01-31,515.0
2019-02-01,517.5
2019-02-04,522.5
2019-02-05,525.0
2019-02-06,525.0
2019-02-07,520.0
2019-02-08,520.0
2019-02-11,520.0
2019-02-12,518.0
2019-02-13,517.5
2019-02-14,519.0
2019-02-15,525.0
2019-02-19,530.0
2019-02-19,542.5
2019-02-20,547.5
2019-02-21,545.0
2019-02-22,547.5
2019-02-25,540.0
2019-02-26,540.0
2019-02-27,540.0
2019-02-28,535.0
2019-03-01,532.5
2019-03-06,537.5
2019-03-07,535.0
2019-03-08,530.0
2019-03-11,530.0
2019-03-12,530.0
2019-03-13,522.5
2019-03-14,520.0
2019-03-15,520.0
2019-03-18,507.5
2019-03-19,505.0
2019-03-20,507.5
2019-03-21,507.5
2019-03-22,502.5
2019-03-25,500.0
2019-03-26,502.5
2019-03-27,507.5
2019-03-28,517.5
2019-03-29,517.5
2019-04-01,517.5
2019-04-02,512.5
2019-04-03,512.5
2019-04-04,500.0
2019-04-05,502.5
2019-04-08,505.0
2019-04-09,512.5
2019-04-10,520.0
2019-04-11,515.0
2019-04-12,510.0
2019-04-15,510.0
2019-04-16,510.0
2019-04-17,510.0
2019-04-18,507.5
2019-04-23,500.0
2019-04-24,502.5
2019-04-25,500.0
2019-04-26,505.0
2019-04-29,507.5
2019-04-30,500.0
2019-05-02,502.5
2019-05-03,505.0
2019-05-07,503.0
2019-05-08,505.0
2019-05-09,499.0
2019-05-10,495.0
2019-05-14,492.5
2019-05-15,492.5
2019-05-16,490.0
2019-05-17,492.5
2019-05-20,492.5
2019-05-21,490.0
2019-05-22,487.5
2019-05-23,490.0
2019-05-24,487.5
2019-05-27,485.0
2019-05-28,482.5
2019-05-29,485.0
2019-05-31,485.0
2019-06-03,492.5
2019-06-04,492.5
2019-06-05,492.5
2019-06-06,492.5
2019-06-07,492.5
2019-06-10,492.5
2019-06-11,497.5
2019-06-12,502.5
2019-06-13,510.0
2019-06-14,515.0
2019-06-17,515.0
2019-06-18,515.0
2019-06-19,515.0
2019-06-20,512.5
2019-06-21,512.5
2019-06-24,515.0
2019-06-25,517.5
2019-06-26,522.5
2019-06-27,527.5
2019-06-28,540.0
2019-07-01,540.0
2019-07-02,545.0
2019-07-03,547.5
2019-07-04,540.0
2019-07-05,540.0
2019-07-08,535.0
2019-07-09,537.5
2019-07-10,545.0
2019-07-11,552.5
2019-07-12,545.0
2019-07-15,552.5
2019-07-16,540.0
2019-07-17,542.5
2019-07-18,537.5
2019-07-19,537.5
2019-07-22,537.5
2019-07-23,530.0
2019-07-24,532.5
2019-07-25,532.5
2019-07-26,532.5
2019-07-29,532.5
2019-07-30,535.0
2019-07-31,535.0
2019-08-01,532.5
2019-08-02,532.5
2019-08-05,532.5
2019-08-06,537.5
2019-08-07,535.0
2019-08-08,532.5
2019-08-09,532.5
2019-08-12,527.5
2019-08-13,520.0
2019-08-14,520.0
2019-08-15,525.0
2019-08-16,520.0
2019-08-19,517.5
2019-08-20,520.0
2019-08-21,520.0
2019-08-22,525.0
2019-08-23,527.5
2019-08-26,527.5
2019-08-27,532.5
2019-08-28,532.5
2019-08-29,532.5
2019-08-30,527.5
2019-09-02,527.5
2019-09-03,532.5
2019-09-04,535.0
2019-09-05,542.5
2019-09-06,537.5
2019-09-09,542.5
2019-09-10,545.0
2019-09-11,560.0
2019-09-12,567.5
2019-09-13,567.5
2019-09-16,575.0
2019-09-17,587.5
2019-09-18,585.0
2019-09-19,602.5
2019-09-20,605.0
2019-09-23,617.5
2019-09-24,617.5
2019-09-25,625.0
2019-09-26,635.0
2019-09-27,635.0
2019-09-30,632.5
2019-10-01,635.0
2019-10-02,630.0
2019-10-04,632.5
2019-10-07,635.0
2019-10-08,650.0
2019-10-09,645.0
2019-10-10,652.5
2019-10-11,652.5
2019-10-14,645.0
2019-10-15,650.0
2019-10-16,652.5
2019-10-17,657.5
2019-10-18,652.5
2019-10-21,660.0
2019-10-22,665.0
2019-10-23,677.5
2019-10-24,697.7
2019-10-25,710.0
2019-10-28,717.5
2019-10-29,712.5
2019-10-30,717.5
2019-11-01,710.0
2019-11-04,717.5
2019-11-05,717.5
2019-11-06,712.5
2019-11-07,717.5
2019-11-08,787.5
2019-11-11,782.5
2019-11-12,785.0
2019-11-13,780.0
2019-11-14,790.0
2019-11-15,795.0
2019-11-18,790.0
2019-11-19,777.5
2019-11-20,767.5
2019-11-21,762.5
2019-11-22,752.5
2019-11-25,762.5
2019-11-26,755.0
2019-11-27,772.5
2019-11-28,765.0
2019-11-29,765.0
2019-12-02,765.0
2019-12-03,687.5
2019-12-04,712.5
2019-12-05,695.0
2019-12-06,682.5
2019-12-09,680.0
2019-12-10,690.0
2019-12-11,717.5
2019-12-12,730.0
2019-12-13,722.5
2019-12-16,710.0
2019-12-17,697.5
2019-12-18,695.0
2019-12-19,677.5
2020-01-03,680.0
2020-01-06,682.5
2020-01-07,675.0
2020-01-08,660.0
2020-01-09,665.0
2020-01-10,622.5
2020-01-13,632.5
2020-01-14,602.5
2020-01-15,600.0
2020-01-16,607.5
2020-01-17,625.0
2020-01-20,635.0
2020-01-21,610.0
2020-01-22,570.0
2020-01-23,582.5
2020-01-24,580.0
2020-01-27,570.0
2020-01-28,577.5
2020-01-29,557.5
2020-01-30,562.5
2020-01-31,557.5
2020-02-03,552.5
2020-02-04,565.0
2020-02-05,560.0
2020-02-06,577.5
2020-02-07,590.0
2020-02-10,592.5
2020-02-11,602.5
2020-02-12,607.5
2020-02-13,607.5
2020-02-14,597.5
2020-02-17,592.5
2020-02-18,577.5
2020-02-20,587.5
2020-02-21,590.0
2020-02-26,592.5
2020-02-27,577.5
2020-02-28,570.0
2020-03-02,575.0
2020-03-03,557.5
2020-03-04,532.5
2020-03-05,530.0
2020-03-06,540.0
2020-03-09,522.5
2020-03-10,520.0
2020-03-11,522.5
2020-03-12,535.0
2020-03-13,535.0
2020-03-16,517.5
2020-03-17,512.5
2020-03-18,512.5
2020-03-19,522.5
2020-03-20,522.5
2020-03-23,512.5
2020-03-24,520.0
2020-03-25,522.5
2020-03-26,527.5
2020-03-27,532.5
2020-03-30,527.5
2020-03-31,535.0
2020-04-01,535.0
2020-04-02,557.5
2020-04-06,552.5
2020-04-07,562.5
2020-04-08,585.0
2020-04-09,597.5
2020-04-13,590.0
2020-04-14,595.0
2020-04-15,595.0
2020-04-16,600.0
2020-04-21,597.5
2020-04-22,600.0
2020-04-23,605.0
2020-04-27,600.0
2020-04-28,607.5
2020-04-29,605.0
2020-04-30,607.5
2020-05-01,635.0
2020-05-05,627.5
2020-05-06,627.5
2020-05-07,625.0
2020-05-08,617.5
2020-05-11,612.5
2020-05-12,602.5
2020-05-13,595.0
2020-05-15,597.5
2020-05-18,600.0
2020-05-19,597.5
2020-05-20,605.0
2020-05-22,602.5
2020-05-26,607.5
2020-05-27,615.0
2020-05-28,627.5
2020-05-29,640.0
2020-06-02,657.5
2020-06-03,670.0
2020-06-04,672.5
2020-06-05,687.5
2020-06-08,695.0
2020-06-09,672.5
2020-06-10,685.0
2020-06-11,687.5
2020-06-12,687.5
2020-06-15,702.5
2020-06-16,715.0
2020-06-17,710.0
2020-06-18,720.0
2020-06-19,722.5
2020-06-22,712.5
2020-06-23,707.5
2020-06-24,720.0
2020-06-25,712.5
2020-06-26,707.5
2020-06-29,710.0
2020-06-30,715.0
2020-07-01,715.0
2020-07-02,707.5
2020-07-03,700.0
2020-07-06,692.5
2020-07-07,697.5
2020-07-09,705.0
2020-07-13,717.5
2020-07-14,730.0
2020-07-15,730.0
2020-07-17,750.0
2020-07-20,740.0
2020-07-21,730.0
2020-07-23,742.5
2020-07-27,732.5
2020-07-28,732.5
2020-07-29,735.0
2020-07-30,750.0
2020-07-31,757.5
2020-08-03,757.5
2020-08-04,777.5
2020-08-05,795.0
2020-08-06,785.0
2020-08-07,767.5
2020-08-10,742.5
2020-08-11,725.0
2020-08-13,735.0
2020-08-14,737.5
2020-08-17,737.5
2020-08-18,725.0
2020-08-19,727.5
2020-08-20,742.5
2020-08-21,755.0
2020-08-24,757.5
2020-08-25,785.0
2020-08-26,777.5
2020-08-27,762.5
2020-08-28,752.5
2020-08-31,735.0
2020-09-02,755.0
2020-09-03,767.5
2020-09-04,775.0
2020-09-07,775.0
2020-09-08,802.5
2020-09-09,802.5
2020-09-10,822.5
2020-09-11,822.5
2020-09-14,817.5
2020-09-15,817.5
2020-09-16,837.5
2020-09-17,842.5
2020-09-18,865.0
2020-09-21,857.5
2020-09-22,872.5
2020-09-23,872.5
2020-09-24,877.5
2020-09-25,882.5
2020-09-28,887.5
2020-09-29,872.5
2020-10-02,870.0
2020-10-05,890.0
2020-10-06,887.5
2020-10-07,875.0
2020-10-08,877.5
2020-10-13,865.0
2020-10-14,867.5
2020-10-15,857.5
2020-10-16,882.5
2020-10-19,867.5
2020-10-20,882.5
2020-10-21,932.5
2020-10-22,920.0
2020-10-23,917.5
2020-10-26,912.5
